{
  "problem": "problems.problem_supersequence",
  "ga_best_scores": [
    0.7948717948717948,
    0.7948717948717948
  ],
  "ga_best_score_mean": 0.7948717948717948,
  "ga_runs": [
    {
      "best_fitness": 0.7948717948717948,
      "fitness_history": [
        0.7948717948717948,
        0.7948717948717948,
        0.7948717948717948,
        0.7948717948717948,
        0.7948717948717948,
        0.7948717948717948,
        0.7948717948717948,
        0.7948717948717948,
        0.7948717948717948,
        0.7948717948717948,
        0.7948717948717948,
        0.7948717948717948,
        0.7948717948717948,
        0.7948717948717948,
        0.7948717948717948
      ],
      "avg_fitness_history": [
        0.7948717948717953,
        0.7948717948717953,
        0.7948717948717953,
        0.7948717948717953,
        0.7948717948717953,
        0.7948717948717953,
        0.7948717948717953,
        0.7948717948717953,
        0.7948717948717953,
        0.7948717948717953,
        0.7948717948717953,
        0.7948717948717953,
        0.7948717948717953,
        0.7948717948717953,
        0.7948717948717953
      ]
    },
    {
      "best_fitness": 0.7948717948717948,
      "fitness_history": [
        0.7948717948717948,
        0.7948717948717948,
        0.7948717948717948,
        0.7948717948717948,
        0.7948717948717948,
        0.7948717948717948,
        0.7948717948717948,
        0.7948717948717948,
        0.7948717948717948,
        0.7948717948717948,
        0.7948717948717948,
        0.7948717948717948,
        0.7948717948717948,
        0.7948717948717948,
        0.7948717948717948
      ],
      "avg_fitness_history": [
        0.7948717948717953,
        0.7948717948717953,
        0.7948717948717953,
        0.7948717948717953,
        0.7948717948717953,
        0.7948717948717953,
        0.7948717948717953,
        0.7948717948717953,
        0.7948717948717953,
        0.7948717948717953,
        0.7948717948717953,
        0.7948717948717953,
        0.7948717948717953,
        0.7948717948717953,
        0.7948717948717953
      ]
    }
  ],
  "random_scores": [
    0.7948717948717948
  ],
  "random_score_mean": 0.7948717948717948,
  "random_details": {
    "mutation_score": 0.7948717948717948,
    "killed": 31,
    "total": 39,
    "fallback": false,
    "num_tests": 150
  },
  "config": {
    "population_size": 30,
    "num_generations": 15,
    "num_runs": 2,
    "results_run_id": "20251208_224301",
    "base_seed": 359602
  }
}