{
  "problem": "problems.problem_two_sum",
  "ga_best_scores": [
    0.12,
    0.12
  ],
  "ga_best_score_mean": 0.12,
  "ga_runs": [
    {
      "best_fitness": 0.12,
      "fitness_history": [
        0.12,
        0.12,
        0.12,
        0.12,
        0.12,
        0.12,
        0.12,
        0.12,
        0.12,
        0.12,
        0.12,
        0.12,
        0.12,
        0.12,
        0.12
      ],
      "avg_fitness_history": [
        0.12000000000000008,
        0.12000000000000008,
        0.12000000000000008,
        0.12000000000000008,
        0.12000000000000008,
        0.12000000000000008,
        0.12000000000000008,
        0.12000000000000008,
        0.12000000000000008,
        0.12000000000000008,
        0.12000000000000008,
        0.12000000000000008,
        0.12000000000000008,
        0.12000000000000008,
        0.12000000000000008
      ]
    },
    {
      "best_fitness": 0.12,
      "fitness_history": [
        0.12,
        0.12,
        0.12,
        0.12,
        0.12,
        0.12,
        0.12,
        0.12,
        0.12,
        0.12,
        0.12,
        0.12,
        0.12,
        0.12,
        0.12
      ],
      "avg_fitness_history": [
        0.12000000000000008,
        0.12000000000000008,
        0.12000000000000008,
        0.12000000000000008,
        0.12000000000000008,
        0.12000000000000008,
        0.12000000000000008,
        0.12000000000000008,
        0.12000000000000008,
        0.12000000000000008,
        0.12000000000000008,
        0.12000000000000008,
        0.12000000000000008,
        0.12000000000000008,
        0.12000000000000008
      ]
    }
  ],
  "random_scores": [
    0.12
  ],
  "random_score_mean": 0.12,
  "random_details": {
    "mutation_score": 0.12,
    "killed": 3,
    "total": 25,
    "fallback": false,
    "num_tests": 150
  },
  "config": {
    "population_size": 30,
    "num_generations": 15,
    "num_runs": 2,
    "results_run_id": "20251208_224301",
    "base_seed": 359602
  }
}