{
  "problem": "problems.problem_roman_to_int",
  "ga_best_scores": [
    0.5882352941176471,
    0.5882352941176471
  ],
  "ga_best_score_mean": 0.5882352941176471,
  "ga_runs": [
    {
      "best_fitness": 0.5882352941176471,
      "fitness_history": [
        0.5882352941176471,
        0.5882352941176471,
        0.5882352941176471,
        0.5882352941176471,
        0.5882352941176471,
        0.5882352941176471,
        0.5882352941176471,
        0.5882352941176471,
        0.5882352941176471,
        0.5882352941176471,
        0.5882352941176471,
        0.5882352941176471,
        0.5882352941176471,
        0.5882352941176471,
        0.5882352941176471
      ],
      "avg_fitness_history": [
        0.588235294117647,
        0.588235294117647,
        0.588235294117647,
        0.588235294117647,
        0.588235294117647,
        0.588235294117647,
        0.588235294117647,
        0.588235294117647,
        0.588235294117647,
        0.588235294117647,
        0.588235294117647,
        0.588235294117647,
        0.588235294117647,
        0.588235294117647,
        0.588235294117647
      ]
    },
    {
      "best_fitness": 0.5882352941176471,
      "fitness_history": [
        0.5882352941176471,
        0.5882352941176471,
        0.5882352941176471,
        0.5882352941176471,
        0.5882352941176471,
        0.5882352941176471,
        0.5882352941176471,
        0.5882352941176471,
        0.5882352941176471,
        0.5882352941176471,
        0.5882352941176471,
        0.5882352941176471,
        0.5882352941176471,
        0.5882352941176471,
        0.5882352941176471
      ],
      "avg_fitness_history": [
        0.588235294117647,
        0.588235294117647,
        0.588235294117647,
        0.588235294117647,
        0.588235294117647,
        0.588235294117647,
        0.588235294117647,
        0.588235294117647,
        0.588235294117647,
        0.588235294117647,
        0.588235294117647,
        0.588235294117647,
        0.588235294117647,
        0.588235294117647,
        0.588235294117647
      ]
    }
  ],
  "random_scores": [
    0.5882352941176471
  ],
  "random_score_mean": 0.5882352941176471,
  "random_details": {
    "mutation_score": 0.5882352941176471,
    "killed": 10,
    "total": 17,
    "fallback": false,
    "num_tests": 150
  },
  "config": {
    "population_size": 30,
    "num_generations": 15,
    "num_runs": 2,
    "results_run_id": "20251208_224301",
    "base_seed": 359602
  }
}