{
  "problem": "problems.problem_rotated_sort",
  "ga_best_scores": [
    0.4528301886792453,
    0.4528301886792453
  ],
  "ga_best_score_mean": 0.4528301886792453,
  "ga_runs": [
    {
      "best_fitness": 0.4528301886792453,
      "fitness_history": [
        0.4528301886792453,
        0.4528301886792453,
        0.4528301886792453,
        0.4528301886792453,
        0.4528301886792453,
        0.4528301886792453,
        0.4528301886792453,
        0.4528301886792453,
        0.4528301886792453,
        0.4528301886792453,
        0.4528301886792453,
        0.4528301886792453,
        0.4528301886792453,
        0.4528301886792453,
        0.4528301886792453
      ],
      "avg_fitness_history": [
        0.03018867924528302,
        0.06037735849056604,
        0.1660377358490566,
        0.3320754716981132,
        0.45283018867924524,
        0.45283018867924524,
        0.45283018867924524,
        0.43773584905660373,
        0.43773584905660373,
        0.45283018867924524,
        0.4075471698113207,
        0.45283018867924524,
        0.43773584905660373,
        0.45283018867924524,
        0.43773584905660373
      ]
    },
    {
      "best_fitness": 0.4528301886792453,
      "fitness_history": [
        0.0,
        0.4528301886792453,
        0.4528301886792453,
        0.4528301886792453,
        0.4528301886792453,
        0.4528301886792453,
        0.4528301886792453,
        0.4528301886792453,
        0.4528301886792453,
        0.4528301886792453,
        0.4528301886792453,
        0.4528301886792453,
        0.4528301886792453,
        0.4528301886792453,
        0.4528301886792453
      ],
      "avg_fitness_history": [
        0.0,
        0.01509433962264151,
        0.04528301886792453,
        0.09056603773584905,
        0.28679245283018867,
        0.4226415094339622,
        0.43773584905660373,
        0.43773584905660373,
        0.43773584905660373,
        0.45283018867924524,
        0.45283018867924524,
        0.45283018867924524,
        0.43773584905660373,
        0.43773584905660373,
        0.43773584905660373
      ]
    }
  ],
  "random_scores": [
    0.0
  ],
  "random_score_mean": 0.0,
  "random_details": {
    "mutation_score": 0.0,
    "killed": 0,
    "total": 0,
    "error": "timeout",
    "num_tests": 150
  },
  "config": {
    "population_size": 30,
    "num_generations": 15,
    "num_runs": 2,
    "results_run_id": "20251208_224301",
    "base_seed": 359602
  }
}