{
  "problem": "problems.problem_two_sum",
  "ga_best_scores": [
    0.12,
    0.12,
    0.12
  ],
  "ga_best_score_mean": 0.12,
  "ga_runs": [
    {
      "best_fitness": 0.12,
      "fitness_history": [
        0.12,
        0.12,
        0.12,
        0.12,
        0.12,
        0.12,
        0.12,
        0.12,
        0.12,
        0.12,
        0.12,
        0.12,
        0.12,
        0.12,
        0.12,
        0.12,
        0.12,
        0.12,
        0.12,
        0.12,
        0.12,
        0.12,
        0.12,
        0.12,
        0.12,
        0.12,
        0.12,
        0.12,
        0.12,
        0.12,
        0.12,
        0.12,
        0.12,
        0.12,
        0.12,
        0.12,
        0.12,
        0.12,
        0.12,
        0.12,
        0.12,
        0.12,
        0.12,
        0.12,
        0.12,
        0.12,
        0.12,
        0.12,
        0.12,
        0.12,
        0.12,
        0.12,
        0.12,
        0.12,
        0.12,
        0.12,
        0.12,
        0.12,
        0.12,
        0.12
      ],
      "avg_fitness_history": [
        0.1199999999999998,
        0.1199999999999998,
        0.1199999999999998,
        0.1199999999999998,
        0.1199999999999998,
        0.1199999999999998,
        0.1199999999999998,
        0.1199999999999998,
        0.1199999999999998,
        0.1199999999999998,
        0.1199999999999998,
        0.1199999999999998,
        0.1199999999999998,
        0.1199999999999998,
        0.1199999999999998,
        0.1199999999999998,
        0.1199999999999998,
        0.1199999999999998,
        0.1199999999999998,
        0.1199999999999998,
        0.1199999999999998,
        0.1199999999999998,
        0.1199999999999998,
        0.1199999999999998,
        0.1199999999999998,
        0.1199999999999998,
        0.1199999999999998,
        0.1199999999999998,
        0.1199999999999998,
        0.1199999999999998,
        0.1199999999999998,
        0.1199999999999998,
        0.1199999999999998,
        0.1199999999999998,
        0.1199999999999998,
        0.1199999999999998,
        0.1199999999999998,
        0.1199999999999998,
        0.1199999999999998,
        0.1199999999999998,
        0.1199999999999998,
        0.1199999999999998,
        0.1199999999999998,
        0.1199999999999998,
        0.1199999999999998,
        0.1199999999999998,
        0.1199999999999998,
        0.1199999999999998,
        0.1199999999999998,
        0.1199999999999998,
        0.1199999999999998,
        0.1199999999999998,
        0.1199999999999998,
        0.1199999999999998,
        0.1199999999999998,
        0.1199999999999998,
        0.1199999999999998,
        0.1199999999999998,
        0.1199999999999998,
        0.1199999999999998
      ]
    },
    {
      "best_fitness": 0.12,
      "fitness_history": [
        0.12,
        0.12,
        0.12,
        0.12,
        0.12,
        0.12,
        0.12,
        0.12,
        0.12,
        0.12,
        0.12,
        0.12,
        0.12,
        0.12,
        0.12,
        0.12,
        0.12,
        0.12,
        0.12,
        0.12,
        0.12,
        0.12,
        0.12,
        0.12,
        0.12,
        0.12,
        0.12,
        0.12,
        0.12,
        0.12,
        0.12,
        0.12,
        0.12,
        0.12,
        0.12,
        0.12,
        0.12,
        0.12,
        0.12,
        0.12,
        0.12,
        0.12,
        0.12,
        0.12,
        0.12,
        0.12,
        0.12,
        0.12,
        0.12,
        0.12,
        0.12,
        0.12,
        0.12,
        0.12,
        0.12,
        0.12,
        0.12,
        0.12,
        0.12,
        0.12
      ],
      "avg_fitness_history": [
        0.1199999999999998,
        0.1199999999999998,
        0.1199999999999998,
        0.1199999999999998,
        0.1199999999999998,
        0.1199999999999998,
        0.1199999999999998,
        0.1199999999999998,
        0.1199999999999998,
        0.1199999999999998,
        0.1199999999999998,
        0.1199999999999998,
        0.1199999999999998,
        0.1199999999999998,
        0.1199999999999998,
        0.1199999999999998,
        0.1199999999999998,
        0.1199999999999998,
        0.1199999999999998,
        0.1199999999999998,
        0.1199999999999998,
        0.1199999999999998,
        0.1199999999999998,
        0.1199999999999998,
        0.1199999999999998,
        0.1199999999999998,
        0.1199999999999998,
        0.1199999999999998,
        0.1199999999999998,
        0.1199999999999998,
        0.1199999999999998,
        0.1199999999999998,
        0.1199999999999998,
        0.1199999999999998,
        0.1199999999999998,
        0.1199999999999998,
        0.1199999999999998,
        0.1199999999999998,
        0.1199999999999998,
        0.1199999999999998,
        0.1199999999999998,
        0.1199999999999998,
        0.1199999999999998,
        0.1199999999999998,
        0.1199999999999998,
        0.1199999999999998,
        0.1199999999999998,
        0.1199999999999998,
        0.1199999999999998,
        0.1199999999999998,
        0.1199999999999998,
        0.1199999999999998,
        0.1199999999999998,
        0.1199999999999998,
        0.1199999999999998,
        0.1199999999999998,
        0.1199999999999998,
        0.1199999999999998,
        0.1199999999999998,
        0.1199999999999998
      ]
    },
    {
      "best_fitness": 0.12,
      "fitness_history": [
        0.12,
        0.12,
        0.12,
        0.12,
        0.12,
        0.12,
        0.12,
        0.12,
        0.12,
        0.12,
        0.12,
        0.12,
        0.12,
        0.12,
        0.12,
        0.12,
        0.12,
        0.12,
        0.12,
        0.12,
        0.12,
        0.12,
        0.12,
        0.12,
        0.12,
        0.12,
        0.12,
        0.12,
        0.12,
        0.12,
        0.12,
        0.12,
        0.12,
        0.12,
        0.12,
        0.12,
        0.12,
        0.12,
        0.12,
        0.12,
        0.12,
        0.12,
        0.12,
        0.12,
        0.12,
        0.12,
        0.12,
        0.12,
        0.12,
        0.12,
        0.12,
        0.12,
        0.12,
        0.12,
        0.12,
        0.12,
        0.12,
        0.12,
        0.12,
        0.12
      ],