{
  "problem": "problems.problem_reverse_string",
  "ga_best_scores": [
    0.3333333333333333,
    0.3333333333333333
  ],
  "ga_best_score_mean": 0.3333333333333333,
  "ga_runs": [
    {
      "best_fitness": 0.3333333333333333,
      "fitness_history": [
        0.3333333333333333,
        0.3333333333333333,
        0.3333333333333333,
        0.3333333333333333,
        0.3333333333333333,
        0.3333333333333333,
        0.3333333333333333,
        0.3333333333333333,
        0.3333333333333333,
        0.3333333333333333
      ],
      "avg_fitness_history": [
        0.3333333333333332,
        0.3333333333333332,
        0.3333333333333332,
        0.3333333333333332,
        0.3333333333333332,
        0.3333333333333332,
        0.3333333333333332,
        0.3333333333333332,
        0.3333333333333332,
        0.3333333333333332
      ]
    },
    {
      "best_fitness": 0.3333333333333333,
      "fitness_history": [
        0.3333333333333333,
        0.3333333333333333,
        0.3333333333333333,
        0.3333333333333333,
        0.3333333333333333,
        0.3333333333333333,
        0.3333333333333333,
        0.3333333333333333,
        0.3333333333333333,
        0.3333333333333333
      ],
      "avg_fitness_history": [
        0.3333333333333332,
        0.3333333333333332,
        0.3333333333333332,
        0.3333333333333332,
        0.3333333333333332,
        0.3333333333333332,
        0.3333333333333332,
        0.3333333333333332,
        0.3333333333333332,
        0.3333333333333332
      ]
    }
  ],
  "random_scores": [
    0.3333333333333333
  ],
  "random_score_mean": 0.3333333333333333,
  "random_details": {
    "mutation_score": 0.3333333333333333,
    "killed": 4,
    "total": 12,
    "fallback": false,
    "num_tests": 10
  },
  "config": {
    "population_size": 20,
    "num_generations": 10,
    "num_runs": 2,
    "results_run_id": "20251209_164830",
    "base_seed": 412977
  }
}