{
  "problem": "problems.problem_two_sum",
  "ga_best_scores": [
    0.5423728813559322,
    0.5423728813559322
  ],
  "ga_best_score_mean": 0.5423728813559322,
  "ga_runs": [
    {
      "best_fitness": 0.5423728813559322,
      "fitness_history": [
        0.5423728813559322,
        0.5423728813559322,
        0.5423728813559322,
        0.5423728813559322,
        0.5423728813559322,
        0.5423728813559322,
        0.5423728813559322,
        0.5423728813559322,
        0.5423728813559322,
        0.5423728813559322
      ],
      "avg_fitness_history": [
        0.5423728813559323,
        0.5423728813559323,
        0.5423728813559323,
        0.5423728813559323,
        0.5423728813559323,
        0.5423728813559323,
        0.5423728813559323,
        0.5423728813559323,
        0.5423728813559323,
        0.5423728813559323
      ]
    },
    {
      "best_fitness": 0.5423728813559322,
      "fitness_history": [
        0.5423728813559322,
        0.5423728813559322,
        0.5423728813559322,
        0.5423728813559322,
        0.5423728813559322,
        0.5423728813559322,
        0.5423728813559322,
        0.5423728813559322,
        0.5423728813559322,
        0.5423728813559322
      ],
      "avg_fitness_history": [
        0.5423728813559323,
        0.5423728813559323,
        0.5423728813559323,
        0.5423728813559323,
        0.5423728813559323,
        0.5423728813559323,
        0.5423728813559323,
        0.5423728813559323,
        0.5423728813559323,
        0.5423728813559323
      ]
    }
  ],
  "random_scores": [
    0.5423728813559322
  ],
  "random_score_mean": 0.5423728813559322,
  "random_details": {
    "mutation_score": 0.5423728813559322,
    "killed": 32,
    "total": 59,
    "fallback": false,
    "num_tests": 10
  },
  "config": {
    "population_size": 20,
    "num_generations": 10,
    "num_runs": 2,
    "results_run_id": "20251209_164830",
    "base_seed": 412977
  }
}