{
  "problem": "problems.problem_rotated_sort",
  "ga_best_scores": [
    0.12987012987012986,
    0.12987012987012986
  ],
  "ga_best_score_mean": 0.12987012987012986,
  "ga_runs": [
    {
      "best_fitness": 0.12987012987012986,
      "fitness_history": [
        0.11688311688311688,
        0.11688311688311688,
        0.12987012987012986
      ],
      "avg_fitness_history": [
        0.01948051948051948,
        0.01948051948051948,
        0.021645021645021644
      ]
    },
    {
      "best_fitness": 0.12987012987012986,
      "fitness_history": [
        0.0,
        0.12987012987012986,
        0.0
      ],
      "avg_fitness_history": [
        0.0,
        0.021645021645021644,
        0.0
      ]
    }
  ],
  "random_scores": [
    0.0
  ],
  "random_score_mean": 0.0,
  "random_details": {
    "mutation_score": 0.0,
    "killed": 0,
    "total": 0,
    "fallback": false,
    "num_tests": 10,
    "error": "timeout"
  },
  "config": {
    "population_size": 20,
    "num_generations": 10,
    "num_runs": 2,
    "results_run_id": "20251209_174050",
    "base_seed": 818574
  }
}