{
  "problem": "problems.problem_dup_digits",
  "ga_best_scores": [
    0.7833333333333333,
    0.7833333333333333
  ],
  "ga_best_score_mean": 0.7833333333333333,
  "ga_runs": [
    {
      "best_fitness": 0.7833333333333333,
      "fitness_history": [
        0.7833333333333333,
        0.7833333333333333,
        0.7833333333333333,
        0.7833333333333333,
        0.7833333333333333,
        0.7833333333333333,
        0.7833333333333333,
        0.7833333333333333,
        0.7833333333333333,
        0.7833333333333333
      ],
      "avg_fitness_history": [
        0.7825,
        0.7833333333333333,
        0.7816666666666666,
        0.7825,
        0.7833333333333333,
        0.7825,
        0.7825,
        0.7825,
        0.7833333333333333,
        0.7816666666666666
      ]
    },
    {
      "best_fitness": 0.7833333333333333,
      "fitness_history": [
        0.7833333333333333,
        0.7833333333333333,
        0.7833333333333333,
        0.7833333333333333,
        0.7833333333333333,
        0.7833333333333333,
        0.7833333333333333,
        0.7833333333333333,
        0.7833333333333333,
        0.7833333333333333
      ],
      "avg_fitness_history": [
        0.7825,
        0.7825,
        0.7825,
        0.7833333333333333,
        0.7816666666666667,
        0.7808333333333334,
        0.7816666666666666,
        0.7833333333333333,
        0.7833333333333333,
        0.7825
      ]
    }
  ],
  "random_scores": [
    0.7833333333333333
  ],
  "random_score_mean": 0.7833333333333333,
  "random_details": {
    "mutation_score": 0.7833333333333333,
    "killed": 47,
    "total": 60,
    "fallback": false,
    "num_tests": 10
  },
  "config": {
    "population_size": 20,
    "num_generations": 10,
    "num_runs": 2,
    "results_run_id": "20251209_174050",
    "base_seed": 818574
  }
}