{
  "problem": "problems.problem_supersequence",
  "ga_best_scores": [
    0.717948717948718,
    0.717948717948718
  ],
  "ga_best_score_mean": 0.717948717948718,
  "ga_runs": [
    {
      "best_fitness": 0.717948717948718,
      "fitness_history": [
        0.717948717948718,
        0.717948717948718,
        0.717948717948718,
        0.717948717948718,
        0.717948717948718,
        0.717948717948718,
        0.717948717948718,
        0.717948717948718,
        0.717948717948718,
        0.717948717948718
      ],
      "avg_fitness_history": [
        0.6583333333333331,
        0.6519230769230766,
        0.7141025641025638,
        0.717307692307692,
        0.7128205128205125,
        0.7141025641025638,
        0.717307692307692,
        0.7179487179487176,
        0.7160256410256407,
        0.7166666666666663
      ]
    },
    {
      "best_fitness": 0.717948717948718,
      "fitness_history": [
        0.717948717948718,
        0.717948717948718,
        0.717948717948718,
        0.717948717948718,
        0.717948717948718,
        0.717948717948718,
        0.717948717948718,
        0.717948717948718,
        0.717948717948718,
        0.717948717948718
      ],
      "avg_fitness_history": [
        0.6916666666666664,
        0.6903846153846152,
        0.6858974358974357,
        0.6743589743589742,
        0.7121794871794869,
        0.7025641025641023,
        0.7121794871794869,
        0.7108974358974356,
        0.7147435897435894,
        0.7141025641025638
      ]
    }
  ],
  "random_scores": [
    0.717948717948718
  ],
  "random_score_mean": 0.717948717948718,
  "random_details": {
    "mutation_score": 0.717948717948718,
    "killed": 56,
    "total": 78,
    "fallback": false,
    "num_tests": 10
  },
  "config": {
    "population_size": 20,
    "num_generations": 10,
    "num_runs": 2,
    "results_run_id": "20251209_174050",
    "base_seed": 818574
  }
}