{
  "problem": "problems.problem_two_sum",
  "ga_best_scores": [
    0.5423728813559322,
    0.5423728813559322
  ],
  "ga_best_score_mean": 0.5423728813559322,
  "ga_runs": [
    {
      "best_fitness": 0.5423728813559322,
      "fitness_history": [
        0.5423728813559322,
        0.5423728813559322,
        0.5423728813559322,
        0.5423728813559322,
        0.5423728813559322,
        0.5423728813559322,
        0.5423728813559322,
        0.5423728813559322,
        0.5423728813559322,
        0.5423728813559322
      ],
      "avg_fitness_history": [
        0.5,
        0.4991525423728813,
        0.5237288135593221,
        0.507627118644068,
        0.5245762711864408,
        0.5186440677966103,
        0.5152542372881357,
        0.5237288135593221,
        0.5237288135593222,
        0.5389830508474578
      ]
    },
    {
      "best_fitness": 0.5423728813559322,
      "fitness_history": [
        0.5423728813559322,
        0.5423728813559322,
        0.5423728813559322,
        0.5423728813559322,
        0.5423728813559322,
        0.5423728813559322,
        0.5423728813559322,
        0.5423728813559322,
        0.5423728813559322,
        0.5423728813559322
      ],
      "avg_fitness_history": [
        0.5033898305084745,
        0.48305084745762705,
        0.49576271186440674,
        0.48644067796610163,
        0.5186440677966102,
        0.5237288135593221,
        0.5237288135593222,
        0.5228813559322035,
        0.5372881355932205,
        0.5169491525423731
      ]
    }
  ],
  "random_scores": [
    0.5423728813559322
  ],
  "random_score_mean": 0.5423728813559322,
  "random_details": {
    "mutation_score": 0.5423728813559322,
    "killed": 32,
    "total": 59,
    "fallback": false,
    "num_tests": 10
  },
  "config": {
    "population_size": 20,
    "num_generations": 10,
    "num_runs": 2,
    "results_run_id": "20251209_174050",
    "base_seed": 818574
  }
}