{
  "problem": "problems.problem_two_sum",
  "ga_best_scores": [
    0.76,
    0.76
  ],
  "ga_best_score_mean": 0.76,
  "ga_runs": [
    {
      "best_fitness": 0.76,
      "fitness_history": [
        0.76,
        0.76,
        0.76,
        0.76,
        0.76,
        0.76,
        0.76,
        0.76,
        0.76,
        0.76
      ],
      "avg_fitness_history": [
        0.7599999999999999,
        0.7599999999999999,
        0.7599999999999999,
        0.7599999999999999,
        0.7599999999999999,
        0.7599999999999999,
        0.7599999999999999,
        0.7599999999999999,
        0.7599999999999999,
        0.7599999999999999
      ]
    },
    {
      "best_fitness": 0.76,
      "fitness_history": [
        0.76,
        0.76,
        0.76,
        0.76,
        0.76,
        0.76,
        0.76,
        0.76,
        0.76,
        0.76
      ],
      "avg_fitness_history": [
        0.7599999999999999,
        0.7599999999999999,
        0.7599999999999999,
        0.7599999999999999,
        0.7599999999999999,
        0.7599999999999999,
        0.7599999999999999,
        0.7599999999999999,
        0.7599999999999999,
        0.7599999999999999
      ]
    }
  ],
  "random_scores": [
    0.76
  ],
  "random_score_mean": 0.76,
  "random_details": {
    "mutation_score": 0.76,
    "killed": 19,
    "total": 25,
    "fallback": false,
    "num_tests": 70
  },
  "config": {
    "population_size": 20,
    "num_generations": 10,
    "num_runs": 2,
    "results_run_id": "20251209_160827",
    "base_seed": 333476
  }
}