{
  "problem": "problems.problem_two_sum",
  "ga_best_scores": [
    0.5423728813559322,
    0.5423728813559322
  ],
  "ga_best_score_mean": 0.5423728813559322,
  "ga_runs": [
    {
      "best_fitness": 0.5423728813559322,
      "fitness_history": [
        0.5423728813559322,
        0.5423728813559322,
        0.5423728813559322,
        0.5423728813559322,
        0.5423728813559322,
        0.5423728813559322,
        0.5423728813559322,
        0.5423728813559322,
        0.5423728813559322,
        0.5423728813559322
      ],
      "avg_fitness_history": [
        0.4779661016949152,
        0.4728813559322034,
        0.48474576271186437,
        0.5067796610169492,
        0.5033898305084745,
        0.5016949152542373,
        0.5127118644067797,
        0.5237288135593222,
        0.5305084745762713,
        0.5296610169491526
      ]
    },
    {
      "best_fitness": 0.5423728813559322,
      "fitness_history": [
        0.5423728813559322,
        0.5423728813559322,
        0.5423728813559322,
        0.5423728813559322,
        0.5423728813559322,
        0.5423728813559322,
        0.5423728813559322,
        0.5423728813559322,
        0.5423728813559322,
        0.5423728813559322
      ],
      "avg_fitness_history": [
        0.5016949152542373,
        0.49406779661016936,
        0.5067796610169492,
        0.5110169491525425,
        0.5237288135593221,
        0.5194915254237289,
        0.5305084745762713,
        0.5338983050847459,
        0.5296610169491526,
        0.5381355932203391
      ]
    }
  ],
  "random_scores": [
    0.5423728813559322
  ],
  "random_score_mean": 0.5423728813559322,
  "random_details": {
    "mutation_score": 0.5423728813559322,
    "killed": 32,
    "total": 59,
    "fallback": false,
    "num_tests": 10
  },
  "config": {
    "population_size": 20,
    "num_generations": 10,
    "num_runs": 2,
    "results_run_id": "20251209_172150",
    "base_seed": 525261
  }
}