{
  "problem": "problems.problem_two_sum",
  "ga_best_scores": [
    0.6222222222222222,
    0.6222222222222222
  ],
  "ga_best_score_mean": 0.6222222222222222,
  "ga_runs": [
    {
      "best_fitness": 0.6222222222222222,
      "fitness_history": [
        0.6222222222222222,
        0.6222222222222222,
        0.6222222222222222,
        0.6222222222222222,
        0.6222222222222222,
        0.6222222222222222,
        0.6222222222222222,
        0.6222222222222222,
        0.6222222222222222,
        0.6222222222222222
      ],
      "avg_fitness_history": [
        0.622222222222222,
        0.622222222222222,
        0.622222222222222,
        0.622222222222222,
        0.622222222222222,
        0.622222222222222,
        0.622222222222222,
        0.622222222222222,
        0.622222222222222,
        0.622222222222222
      ]
    },
    {
      "best_fitness": 0.6222222222222222,
      "fitness_history": [
        0.6222222222222222,
        0.6222222222222222,
        0.6222222222222222,
        0.6222222222222222,
        0.6222222222222222,
        0.6222222222222222,
        0.6222222222222222,
        0.6222222222222222,
        0.6222222222222222,
        0.6222222222222222
      ],
      "avg_fitness_history": [
        0.622222222222222,
        0.622222222222222,
        0.622222222222222,
        0.622222222222222,
        0.622222222222222,
        0.622222222222222,
        0.622222222222222,
        0.622222222222222,
        0.622222222222222,
        0.622222222222222
      ]
    }
  ],
  "random_scores": [
    0.6222222222222222
  ],
  "random_score_mean": 0.6222222222222222,
  "random_details": {
    "mutation_score": 0.6222222222222222,
    "killed": 28,
    "total": 45,
    "fallback": false,
    "num_tests": 70
  },
  "config": {
    "population_size": 20,
    "num_generations": 10,
    "num_runs": 2,
    "results_run_id": "20251209_163202",
    "base_seed": 71488
  }
}